Initial Year,Rank,Player,Club,Nationality,Stat
2022,1,Jamie Vardy,-,England,29
2022,2,Kai Havertz,-,Germany,28
2022,3,Ivan Toney,Brentford,England,27
2022,4,Mohamed Salah,Liverpool,Egypt,22
2022,5,Dominic Calvert-Lewin,Everton,England,19
2022,5,Yoane Wissa,Brentford,DR Congo,19
2022,7,Patrick Bamford,-,England,18
2022,7,Brennan Johnson,-,Wales,18
2022,7,Son Heung-Min,Tottenham Hotspur,South Korea,18
2022,7,Ollie Watkins,Aston Villa,England,18
2022,11,Darwin Núñez,Liverpool,Uruguay,17
2022,12,Diego Costa,-,Spain,16
2022,12,Gabriel Jesus,Arsenal,Brazil,16
2022,12,Harry Kane,-,England,16
2022,15,Taiwo Awoniyi,Nottingham Forest,Nigeria,15
2022,15,Bruno Fernandes,Manchester United,Portugal,15
2022,15,Marcus Rashford,Manchester United,England,15
2022,15,Theo Walcott,-,England,15
2022,15,Callum Wilson,Newcastle United,England,15
2022,20,Ché Adams,-,Scotland,14
2022,20,Danny Ings,West Ham United,England,14
2022,20,Aleksandar Mitrovic,-,Serbia,14
2022,20,Wilfried Zaha,-,Cote D’Ivoire,14
2022,24,Odsonne Édouard,Crystal Palace,France,13
2022,24,Demarai Gray,-,Jamaica,13
2022,26,Michail Antonio,West Ham United,Jamaica,12
2022,26,Kelechi Iheanacho,-,Nigeria,12
2022,26,Solly March,Brighton & Hove Albion,England,12
2022,29,Bobby De Cordova-Reid,Fulham,Jamaica,11
2022,29,Pervis Estupiñán,Brighton & Hove Albion,Ecuador,11
2022,29,Dominic Solanke,Bournemouth,England,11
2022,29,Raheem Sterling,Chelsea,England,11
2022,33,Jarrod Bowen,West Ham United,England,10
2022,33,Pascal Groß,Brighton & Hove Albion,Germany,10
2022,33,Rodrigo,-,Spain,10
2022,36,Miguel Almirón,Newcastle United,Paraguay,9
2022,36,Leon Bailey,Aston Villa,Jamaica,9
2022,36,Harvey Barnes,Leicester City,England,9
2022,36,Maxwel Cornet,West Ham United,Cote D’Ivoire,9
2022,36,Richarlison,Tottenham Hotspur,Brazil,9
2022,36,Raúl Jiménez,-,Mexico,9
2022,36,Bukayo Saka,Arsenal,England,9
2022,43,Cristiano Ronaldo,-,Portugal,8
2022,43,Abdoulaye Doucouré,Everton,Mali,8
2022,43,Cody Gakpo,Liverpool,Netherlands,8
2022,43,Erling Haaland,Manchester City,Norway,8
2022,43,Gabriel Martinelli,Arsenal,Brazil,8
2022,43,Jean-Philippe Mateta,Crystal Palace,France,8
2022,43,Eddie Nketiah,Arsenal,England,8
2022,43,Dango Ouattara,Bournemouth,Burkina Faso,8
2022,43,Jadon Sancho,-,England,8
2022,43,Crysencio Summerville,-,Netherlands,8
2022,43,Leandro Trossard,Arsenal,Belgium,8
2022,54,Saïd Benrahma,West Ham United,Algeria,7
2022,54,Dan Burn,Newcastle United,England,7
2022,54,Patson Daka,-,Zambia,7
2022,54,João Félix,-,Portugal,7
2022,54,Riyad Mahrez,-,Algeria,7
2022,54,Anthony Martial,Manchester United,France,7
2022,54,Michael Olise,Crystal Palace,France,7
2022,54,Andy Robertson,Liverpool,Scotland,7
2022,54,Ryan Sessegnon,Tottenham Hotspur,England,7
2022,54,Adama Traoré,-,Spain,7
2022,54,Kieran Trippier,Newcastle United,England,7
2022,54,Deniz Undav,-,Germany,7
2022,66,Brenden Aaronson,-,United States,6
2022,66,Carlos Vinícius,Fulham,Brazil,6
2022,66,Timothy Castagne,-,Belgium,6
2022,66,Phil Foden,Manchester City,England,6
2022,66,Morgan Gibbs-White,Nottingham Forest,England,6
2022,66,Ilkay Gündogan,-,Germany,6
2022,66,James Maddison,-,England,6
2022,66,Bryan Mbeumo,Brentford,Cameroon,6
2022,66,Kaoru Mitoma,Brighton & Hove Albion,Japan,6
2022,66,Paul Onuachu,-,Nigeria,6
2022,66,Ivan Perisic,Tottenham Hotspur,Croatia,6
2022,66,Gianluca Scamacca,-,Italy,6
2022,66,Kevin Schade,-,Germany,6
2022,66,Fabian Schär,Newcastle United,Switzerland,6
2022,66,Chris Wood,-,New Zealand,6
2022,81,Trent Alexander-Arnold,Liverpool,England,5
2022,81,Jaidon Anthony,-,England,5
2022,81,Roberto Firmino,-,Brazil,5
2022,81,Kevin De Bruyne,Manchester City,Belgium,5
2022,81,Evan Ferguson,Brighton & Hove Albion,Ireland,5
2022,81,Gonçalo Guedes,-,Portugal,5
2022,81,Alexander Isak,Newcastle United,Sweden,5
2022,81,Sean Longstaff,Newcastle United,England,5
2022,81,Luis Sinisterra,-,Colombia,5
2022,81,Wout Weghorst,-,Netherlands,5
2022,81,Danny Welbeck,Brighton & Hove Albion,England,5
2022,81,Granit Xhaka,-,Switzerland,5
2022,93,Jordan Ayew,Crystal Palace,Ghana,4
2022,93,Willian,Fulham,Brazil,4
2022,93,Tetê,-,Brazil,4
2022,93,Daniel Podence,-,Portugal,4
2022,93,João Cancelo,-,Portugal,4
2022,93,Felipe,Nottingham Forest,Brazil,4
2022,93,Emmanuel Dennis,-,Nigeria,4
2022,93,Eberechi Eze,Crystal Palace,England,4
2021,1,Cristiano Ronaldo,-,Portugal,33
2021,2,Maxwel Cornet,Burnley,Cote D’Ivoire,26
2021,2,Chris Wood,-,New Zealand,26
2021,4,Ivan Toney,Brentford,England,25
2021,5,Wilfried Zaha,-,Cote D’Ivoire,24
2021,6,Raúl Jiménez,-,Mexico,23
2021,7,Richarlison,-,Brazil,21
2021,8,Sadio Mané,-,Senegal,19
2021,8,Jamie Vardy,-,England,19
2021,10,Jay Rodríguez,Burnley,England,17
2021,10,Bukayo Saka,Arsenal,England,17
2021,10,Son Heung-Min,Tottenham Hotspur,South Korea,17
2021,10,Callum Wilson,Newcastle United,England,17
2021,14,Harry Kane,-,England,16
2021,14,Ollie Watkins,Aston Villa,England,16
2021,16,Daniel James,-,Wales,15
2021,16,Marcus Rashford,Manchester United,England,15
2021,18,Jarrod Bowen,West Ham United,England,14
2021,18,Raphinha,-,Brazil,14
2021,18,Phil Foden,Manchester City,England,14
2021,18,Romelu Lukaku,-,Belgium,14
2021,22,Michail Antonio,West Ham United,Jamaica,13
2021,22,Armando Broja,Southampton,Albania,13
2021,22,Jean-Philippe Mateta,Crystal Palace,France,13
2021,22,Bryan Mbeumo,Brentford,Cameroon,13
2021,22,Milot Rashica,-,Kosovo,13
2021,22,Allan Saint-Maximin,-,France,13
2021,22,Leandro Trossard,Brighton & Hove Albion,Belgium,13
2021,29,Emmanuel Dennis,-,Nigeria,12
2021,29,Kai Havertz,-,Germany,12
2021,29,Solly March,Brighton & Hove Albion,England,12
2021,29,Teemu Pukki,-,Finland,12
2021,29,Mohamed Salah,Liverpool,Egypt,12
2021,29,Ismaïla Sarr,-,Senegal,12
2021,35,Trent Alexander-Arnold,Liverpool,England,11
2021,35,Danny Ings,-,England,11
2021,35,Timo Werner,-,Germany,11
2021,38,Pierre-Emerick Aubameyang,-,Gabon,10
2021,38,Harvey Barnes,Leicester City,England,10
2021,38,Christian Benteke,-,Belgium,10
2021,38,Gabriel Jesus,-,Brazil,10
2021,38,Adam Idah,-,Ireland,10
2021,38,Gabriel Martinelli,Arsenal,Brazil,10
2021,38,Raheem Sterling,-,England,10
2021,45,Miguel Almirón,Newcastle United,Paraguay,9
2021,45,Ashley Barnes,-,England,9
2021,45,Saïd Benrahma,West Ham United,Algeria,9
2021,45,Bernardo Silva,Manchester City,Portugal,9
2021,45,Adama Traoré,-,Spain,9
2021,45,Wout Weghorst,-,Netherlands,9
2021,51,Anthony Gordon,Everton,England,8
2021,51,Joshua King,-,Norway,8
2021,53,Ché Adams,-,Scotland,7
2021,53,Patson Daka,-,Zambia,7
2021,53,Kelechi Iheanacho,-,Nigeria,7
2021,53,Jadon Sancho,-,England,7
2021,53,Yoane Wissa,Brentford,DR Congo,7
2021,58,Edinson Cavani,-,Uruguay,6
2021,58,Pablo Fornals,West Ham United,Spain,6
2021,58,João Pedro,Watford,Brazil,6
2021,58,Alexandre Lacazette,-,France,6
2021,58,Ademola Lookman,-,Nigeria,6
2021,58,Neal Maupay,Brighton & Hove Albion,France,6
2021,64,Patrick Bamford,-,England,5
2021,64,Dan Burn,Newcastle United,England,5
2021,64,Sergi Canós,-,Spain,5
2021,64,Ben Davies,Tottenham Hotspur,Wales,5
2021,64,Joe Gelhardt,-,England,5
2021,64,Jack Grealish,Manchester City,England,5
2021,64,Pontus Jansson,-,Sweden,5
2021,64,Mason Mount,-,England,5
2021,64,Eddie Nketiah,Arsenal,England,5
2021,64,Salomón Rondón,-,Venezuela,5
2021,64,Ryan Sessegnon,Tottenham Hotspur,England,5
2021,64,Diogo Jota,Liverpool,Portugal,5
2021,64,Matej Vydra,-,Czech Republic,5
2021,64,Hakim Ziyech,-,Morocco,5
2021,78,Dele Alli,Everton,England,4
2021,78,Leon Bailey,Aston Villa,Jamaica,4
2021,78,Nélson Semedo,Wolverhampton Wanderers,Portugal,4
2021,78,Dominic Calvert-Lewin,Everton,England,4
2021,78,Nathan Collins,Burnley,Ireland,4
2021,78,Philippe Coutinho,-,Brazil,4
2021,78,Kevin De Bruyne,Manchester City,Belgium,4
2021,78,Odsonne Édouard,Crystal Palace,France,4
2021,78,Pascal Groß,Brighton & Hove Albion,Germany,4
2021,78,Bruno Guimarães,Newcastle United,Brazil,4
2021,78,Jack Harrison,-,England,4
2021,78,Callum Hudson-Odoi,-,England,4
2021,78,Reece James,Chelsea,England,4
2021,78,Dejan Kulusevski,-,Sweden,4
2021,78,Aaron Lennon,-,England,4
2021,78,Alexis Mac Allister,-,Argentina,4
2021,78,James Maddison,-,England,4
2021,78,Rodrigo,-,Spain,4
2021,78,Nicolas Pépé,-,Cote D’Ivoire,4
2021,78,Christian Pulisic,-,United States,4
2021,78,Andy Robertson,Liverpool,Scotland,4
2021,78,Josh Sargent,-,United States,4
2021,78,Fábio Silva,-,Portugal,4
2020,1,Jamie Vardy,-,England,36
2020,2,Sadio Mané,-,Senegal,31
2020,2,Ollie Watkins,Aston Villa,England,31
2020,4,Marcus Rashford,Manchester United,England,27
2020,4,Timo Werner,-,Germany,27
2020,6,Richarlison,-,Brazil,25
2020,7,Chris Wood,-,New Zealand,24
2020,8,Callum Wilson,Newcastle United,England,22
2020,8,Wilfried Zaha,-,Cote D’Ivoire,22
2020,10,Ché Adams,-,Scotland,19
2020,11,Patrick Bamford,-,England,18
2020,11,Dominic Calvert-Lewin,Everton,England,18
2020,11,Danny Ings,-,England,18
2020,14,Pierre-Emerick Aubameyang,-,Gabon,17
2020,14,Ashley Barnes,-,England,17
2020,14,Gabriel Jesus,-,Brazil,17
2020,14,Mbaye Diagne,-,Senegal,17
2020,14,David McGoldrick,-,Ireland,17
2020,19,Son Heung-Min,Tottenham Hotspur,South Korea,16
2020,20,Michail Antonio,West Ham United,Jamaica,15
2020,20,Jarrod Bowen,West Ham United,England,15
2020,20,Anthony Martial,Manchester United,France,15
2020,20,Bukayo Saka,Arsenal,England,15
2020,24,Christian Benteke,-,Belgium,14
2020,24,Raphinha,-,Brazil,14
2020,24,Jay Rodríguez,Burnley,England,14
2020,27,Matheus Pereira,-,Brazil,13
2020,27,Harry Kane,-,England,13
2020,27,Mohamed Salah,Liverpool,Egypt,13
2020,30,Jack Harrison,-,England,12
2020,30,Ademola Lookman,-,Nigeria,12
2020,30,Neal Maupay,-,France,12
2020,30,Matej Vydra,-,Czech Republic,12
2020,34,Michy Batshuayi,-,Belgium,11
2020,34,Billy Sharp,-,England,11
2020,36,George Baldock,Sheffield United,Greece,10
2020,36,Sébastien Haller,-,Cote D’Ivoire,10
2020,38,Kelechi Iheanacho,-,Nigeria,9
2020,38,Ivan Cavaleiro,-,Angola,9
2020,38,Raheem Sterling,-,England,9
2020,41,Ben Chilwell,Chelsea,England,8
2020,41,Aaron Connolly,-,Ireland,8
2020,41,Alexandre Lacazette,-,France,8
2020,41,Matt Phillips,-,Scotland,8
2020,41,Tyler Roberts,-,Wales,8
2020,41,Andy Robertson,Liverpool,Scotland,8
2020,41,Callum Robinson,-,Ireland,8
2020,41,Theo Walcott,-,England,8
2020,49,Pablo Fornals,West Ham United,Spain,7
2020,49,Jack Grealish,-,England,7
2020,49,Kai Havertz,-,Germany,7
2020,49,Riyad Mahrez,-,Algeria,7
2020,49,Ayoze Pérez,-,Spain,7
2020,49,Adama Traoré,-,Spain,7
2020,49,Bertrand Traoré,Aston Villa,Burkina Faso,7
2020,49,Kyle Walker-Peters,-,England,7
2020,57,Ezgjan Alioski,-,North Macedonia,6
2020,57,Miguel Almirón,Newcastle United,Paraguay,6
2020,57,Joelinton,Newcastle United,Brazil,6
2020,57,Ross Barkley,Chelsea,England,6
2020,57,Chris Basham,Sheffield United,England,6
2020,57,Edinson Cavani,-,Uruguay,6
2020,57,Olivier Giroud,-,France,6
2020,57,Karlan Grant,-,England,6
2020,57,Mateusz Klich,-,Poland,6
2020,57,Jesse Lingard,-,England,6
2020,57,James Rodríguez,-,Colombia,6
2020,68,Trent Alexander-Arnold,Liverpool,England,5
2020,68,Jordan Ayew,Crystal Palace,Ghana,5
2020,68,César Azpilicueta,-,Spain,5
2020,68,Gareth Bale,-,Wales,5
2020,68,Kyle Bartley,-,England,5
2020,68,Anwar El Ghazi,-,Netherlands,5
2020,68,Pascal Groß,Brighton & Hove Albion,Germany,5
2020,68,Callum Hudson-Odoi,-,England,5
2020,68,James Maddison,-,England,5
2020,68,Jean-Philippe Mateta,-,France,5
2020,68,Allan Saint-Maximin,-,France,5
2020,68,Fábio Silva,-,Portugal,5
2020,68,Nathan Tella,-,Nigeria,5
2020,68,Ferran Torres,-,Spain,5
2020,68,Leandro Trossard,Brighton & Hove Albion,Belgium,5
2020,68,Danny Welbeck,Brighton & Hove Albion,England,5
2020,68,Andrii Yarmolenko,-,Ukraine,5
2020,85,Tammy Abraham,-,England,4
2020,85,Marc Albrighton,-,England,4
2020,85,Stuart Armstrong,-,Scotland,4
2020,85,Roberto Firmino,-,Brazil,4
2020,85,Willian,-,Brazil,4
2020,85,Rhian Brewster,Sheffield United,England,4
2020,85,Dan Burn,-,England,4
2020,85,Andy Carroll,-,England,4
2020,85,Daniel Podence,-,Portugal,4
2020,85,Leander Dendoncker,-,Belgium,4
2020,85,Grady Diangana,-,DR Congo,4
2020,85,Lucas Digne,-,France,4
2020,85,Ben Godfrey,Everton,England,4
2020,85,Mason Greenwood,-,England,4
2020,85,Trézéguet,-,Egypt,4
2020,85,Daniel James,-,Wales,4
2019,1,Chris Wood,-,New Zealand,35
2019,2,Callum Wilson,-,England,32
2019,3,Jamie Vardy,-,England,28
2019,4,Miguel Almirón,Newcastle United,Paraguay,24
2019,5,Tammy Abraham,-,England,23
2019,6,Jay Rodríguez,Burnley,England,22
2019,7,Joelinton,Newcastle United,Brazil,20
2019,7,Pierre-Emerick Aubameyang,-,Gabon,20
2019,7,Harry Kane,-,England,20
2019,7,Mohamed Salah,Liverpool,Egypt,20
2019,11,Gabriel Jesus,-,Brazil,19
2019,12,Gerard Deulofeu,-,Spain,18
2019,12,Sébastien Haller,-,Cote D’Ivoire,18
2019,12,Raúl Jiménez,-,Mexico,18
2019,15,Richarlison,-,Brazil,17
2019,15,Teemu Pukki,-,Finland,17
2019,15,Son Heung-Min,Tottenham Hotspur,South Korea,17
2019,18,Lys Mousset,-,France,16
2019,18,Wilfried Zaha,-,Cote D’Ivoire,16
2019,20,Neal Maupay,Brighton & Hove Albion,France,15
2019,21,Aaron Connolly,-,Ireland,14
2019,21,Sadio Mané,-,Senegal,14
2019,21,Wesley,-,Brazil,14
2019,24,Ashley Barnes,-,England,13
2019,24,Dominic Calvert-Lewin,Everton,England,13
2019,24,Alexandre Lacazette,-,France,13
2019,24,Riyad Mahrez,-,Algeria,13
2019,24,Marcus Rashford,Manchester United,England,13
2019,24,Ismaïla Sarr,-,Senegal,13
2019,30,Christian Benteke,-,Belgium,12
2019,30,Troy Deeney,-,England,12
2019,30,Anwar El Ghazi,-,Netherlands,12
2019,30,Danny Ings,-,England,12
2019,30,Shane Long,-,Ireland,12
2019,30,Anthony Martial,Manchester United,France,12
2019,30,David McGoldrick,-,Ireland,12
2019,30,Raheem Sterling,-,England,12
2019,38,Michail Antonio,West Ham United,Jamaica,11
2019,38,George Baldock,Sheffield United,Greece,11
2019,38,Billy Sharp,-,England,11
2019,41,Ché Adams,-,Scotland,10
2019,41,Glenn Murray,-,England,10
2019,41,Bukayo Saka,-,England,10
2019,41,Theo Walcott,-,England,10
2019,45,Jordan Ayew,Crystal Palace,Ghana,9
2019,45,Olivier Giroud,-,France,9
2019,45,Kelechi Iheanacho,-,Nigeria,9
2019,48,Pascal Groß,Brighton & Hove Albion,Germany,8
2019,48,Onel Hernández,-,Cuba,8
2019,48,Mbwana Samatta,-,Tanzania,8
2019,48,Andrii Yarmolenko,-,Ukraine,8
2019,52,Michy Batshuayi,-,Belgium,7
2019,52,Josip Drmic,-,Switzerland,7
2019,52,Pablo Fornals,West Ham United,Spain,7
2019,52,Joshua King,-,Norway,7
2019,52,John Lundstram,-,England,7
2019,57,Sergio Agüero,-,Argentina,6
2019,57,Dele Alli,-,England,6
2019,57,Sèrge Aurier,-,Cote D’Ivoire,6
2019,57,Roberto Firmino,-,Brazil,6
2019,57,Andy Carroll,-,England,6
2019,57,Arnaut Danjuma,-,Netherlands,6
2019,57,Abdoulaye Doucouré,-,Mali,6
2019,57,Andre Gray,-,Jamaica,6
2019,57,Trézéguet,-,Egypt,6
2019,57,Harry Maguire,Manchester United,England,6
2019,57,Mesut Özil,-,Germany,6
2019,57,Ayoze Pérez,-,Spain,6
2019,57,Adama Traoré,-,Spain,6
2019,70,Chris Basham,Sheffield United,England,5
2019,70,Sead Kolasinac,-,Bosnia & Herzegovina,5
2019,70,Oliver McBurnie,Sheffield United,Scotland,5
2019,70,Roberto Pereyra,-,Argentina,5
2019,70,Nathan Redmond,Southampton,England,5
2019,70,Lucas Moura,-,Brazil,5
2019,76,Stuart Armstrong,-,Scotland,4
2019,76,Christian Atsu,-,Ghana,4
2019,76,Harvey Barnes,-,England,4
2019,76,Willian,-,Brazil,4
2019,76,Patrick Cutrone,-,Italy,4
2019,76,Bernardo,-,Brazil,4
2019,76,Jack Grealish,-,England,4
2019,76,Jeff Hendrick,-,Ireland,4
2019,76,Conor Hourihane,-,Ireland,4
2019,76,Moise Kean,-,Italy,4
2019,76,Manuel Lanzini,-,Argentina,4
2019,76,Pedro Neto,Wolverhampton Wanderers,Portugal,4
2019,76,James Maddison,-,England,4
2019,76,Juan Mata,-,Spain,4
2019,76,James McArthur,-,Scotland,4
2019,76,Martín Montoya,-,Spain,4
2019,76,Mason Mount,-,England,4
2019,76,Reiss Nelson,Arsenal,England,4
2019,76,Nicolas Pépé,-,Cote D’Ivoire,4
2019,76,Luke Shaw,Manchester United,England,4
2019,76,Robert Snodgrass,-,Scotland,4
2019,76,Dominic Solanke,Bournemouth,England,4
2019,76,Leandro Trossard,Brighton & Hove Albion,Belgium,4
2019,99,Max Aarons,-,England,3
2019,99,Nathan Aké,-,Netherlands,3
2018,1,Chris Wood,-,New Zealand,53
2018,2,Glenn Murray,-,England,38
2018,3,Jamie Vardy,-,England,37
2018,4,Gerard Deulofeu,-,Spain,34
2018,4,Aleksandar Mitrovic,-,Serbia,34
2018,6,Raúl Jiménez,-,Mexico,33
2018,7,Mohamed Salah,Liverpool,Egypt,27
2018,8,Sergio Agüero,-,Argentina,26
2018,9,Sadio Mané,-,Senegal,25
2018,10,Alexandre Lacazette,-,France,24
2018,11,Pierre-Emerick Aubameyang,-,Gabon,23
2018,11,Romelu Lukaku,-,Belgium,23
2018,13,Ashley Barnes,-,England,22
2018,13,Son Heung-Min,Tottenham Hotspur,South Korea,22
2018,15,Marko Arnautovic,-,Austria,21
2018,16,Álvaro Morata,-,Spain,20
2018,16,Salomón Rondón,-,Venezuela,20
2018,18,Theo Walcott,-,England,19
2018,18,Callum Wilson,-,England,19
2018,20,Leroy Sané,-,Germany,18
2018,21,Richarlison,-,Brazil,17
2018,22,Wilfried Zaha,-,Cote D’Ivoire,16
2018,23,Andre Gray,-,Jamaica,15
2018,23,Steve Mounié,-,Benin,15
2018,23,Marcus Rashford,Manchester United,England,15
2018,23,Nathan Redmond,Southampton,England,15
2018,23,Ryan Sessegnon,-,England,15
2018,28,Lucas Moura,-,Brazil,14
2018,29,Gabriel Jesus,-,Brazil,13
2018,29,Troy Deeney,-,England,13
2018,29,Raheem Sterling,-,England,13
2018,32,Michy Batshuayi,-,Belgium,12
2018,32,Shane Long,-,Ireland,12
2018,32,Isaac Success,-,Nigeria,12
2018,35,Willian,-,Brazil,11
2018,35,Bobby De Cordova-Reid,-,Jamaica,11
2018,35,Eden Hazard,-,Belgium,11
2018,35,Chicharito,-,Mexico,11
2018,35,Gonzalo Higuaín,-,Argentina,11
2018,35,Jürgen Locadia,-,Netherlands,11
2018,35,André Schürrle,-,Germany,11
2018,42,Michail Antonio,West Ham United,Jamaica,10
2018,42,Christian Benteke,-,Belgium,10
2018,42,Ryan Fraser,-,Scotland,10
2018,42,Harry Kane,-,England,10
2018,42,Sead Kolasinac,-,Bosnia & Herzegovina,10
2018,42,Josh Murphy,-,England,10
2018,42,Oumar Niasse,-,Senegal,10
2018,42,Mesut Özil,-,Germany,10
2018,42,Callum Paterson,-,Scotland,10
2018,42,Patrick van Aanholt,-,Netherlands,10
2018,52,Charlie Austin,-,England,9
2018,52,Jordan Ayew,-,Ghana,9
2018,52,Ryan Babel,-,Netherlands,9
2018,52,Jeff Hendrick,-,Ireland,9
2018,52,Elias Kachunga,-,DR Congo,9
2018,52,Riyad Mahrez,-,Algeria,9
2018,52,Sean Morrison,-,England,9
2018,52,Ayoze Pérez,-,Spain,9
2018,52,Andros Townsend,-,England,9
2018,61,Junior Hoilett,-,Canada,8
2018,61,Kelechi Iheanacho,-,Nigeria,8
2018,61,Juan Mata,-,Spain,8
2018,61,Pedro,-,Spain,8
2018,61,Alexis Sánchez,-,Chile,8
2018,61,Cenk Tosun,-,Turkey,8
2018,67,Roberto Firmino,-,Brazil,7
2018,67,Laurent Depoitre,-,Belgium,7
2018,67,Aboubakar Kamara,-,Mauritania,7
2018,67,Joshua King,-,Norway,7
2018,67,Jesse Lingard,-,England,7
2018,67,Alex Pritchard,-,England,7
2018,67,Sam Vokes,-,Wales,7
2018,74,Dominic Calvert-Lewin,Everton,England,6
2018,74,Olivier Giroud,-,France,6
2018,74,Danny Ings,-,England,6
2018,74,Alireza Jahanbakhsh,-,Iran,6
2018,74,N'Golo Kanté,-,France,6
2018,74,Solly March,Brighton & Hove Albion,England,6
2018,74,Anthony Martial,Manchester United,France,6
2018,74,Ivan Cavaleiro,-,Angola,6
2018,74,Hélder Costa,-,Angola,6
2018,74,Diogo Jota,-,Portugal,6
2018,74,Adama Traoré,-,Spain,6
2018,74,Kieran Trippier,-,England,6
2018,86,Pascal Groß,Brighton & Hove Albion,Germany,5
2018,86,Fernando Llorente,-,Spain,5
2018,86,Isaac Mbenza,-,Belgium,5
2018,86,Kenedy,-,Brazil,5
2018,86,Jonny Otto,Wolverhampton Wanderers,Spain,5
2018,86,Felipe Anderson,-,Brazil,5
2018,86,Paul Pogba,-,France,5
2018,86,David Silva,-,Spain,5
2018,94,Trent Alexander-Arnold,Liverpool,England,4
2018,94,Miguel Almirón,Newcastle United,Paraguay,4
2018,94,Florin Andone,-,Romania,4
2018,94,Christian Atsu,-,Ghana,4
2018,94,Floyd Ayité,-,Togo,4
2018,94,Jack Cork,Burnley,England,4
2018,94,Shane Duffy,-,Ireland,4
2017,1,Jamie Vardy,-,England,44
2017,2,Marko Arnautovic,-,Austria,43
2017,3,Harry Kane,-,England,42
2017,4,Glenn Murray,-,England,35
2017,5,Álvaro Morata,-,Spain,29
2017,6,Salomón Rondón,-,Venezuela,28
2017,7,Chris Wood,-,New Zealand,27
2017,8,Ashley Barnes,-,England,26
2017,8,Alexis Sánchez,-,Chile,26
2017,10,Son Heung-Min,Tottenham Hotspur,South Korea,25
2017,11,Mame Diouf,-,Senegal,23
2017,11,Alexandre Lacazette,-,France,23
2017,11,Steve Mounié,-,Benin,23
2017,14,Dwight Gayle,-,England,22
2017,15,Richarlison,-,Brazil,21
2017,16,Oumar Niasse,-,Senegal,20
2017,16,Callum Wilson,-,England,20
2017,18,Raheem Sterling,-,England,19
2017,18,Wilfried Zaha,-,Cote D’Ivoire,19
2017,20,Romelu Lukaku,-,Belgium,18
2017,20,Juan Mata,-,Spain,18
2017,20,Jay Rodríguez,West Bromwich Albion,England,18
2017,23,Mohamed Salah,Liverpool,Egypt,17
2017,24,Sergio Agüero,-,Argentina,16
2017,24,Troy Deeney,-,England,16
2017,24,Eden Hazard,-,Belgium,16
2017,24,Jeff Hendrick,-,Ireland,16
2017,28,Dominic Calvert-Lewin,Everton,England,15
2017,28,Gabriel Jesus,-,Brazil,15
2017,28,Pedro,-,Spain,15
2017,28,Xherdan Shaqiri,-,Switzerland,15
2017,32,Charlie Austin,-,England,14
2017,32,Eric Choupo-Moting,-,Cameroon,14
2017,32,Peter Crouch,-,England,14
2017,32,Chicharito,-,Mexico,14
2017,32,José Izquierdo,-,Colombia,14
2017,32,Shane Long,-,Ireland,14
2017,32,Ayoze Pérez,-,Spain,14
2017,39,Roberto Firmino,-,Brazil,13
2017,40,Christian Benteke,-,Belgium,12
2017,40,Andre Gray,-,Jamaica,12
2017,40,Sadio Mané,-,Senegal,12
2017,40,Mesut Özil,-,Germany,12
2017,40,Sam Vokes,-,Wales,12
2017,40,Theo Walcott,-,England,12
2017,46,Matt Phillips,-,Scotland,11
2017,47,Pierre-Emerick Aubameyang,-,Gabon,10
2017,47,Manolo Gabbiadini,-,Italy,10
2017,47,Tom Ince,-,England,10
2017,47,Riyad Mahrez,-,Algeria,10
2017,47,Dusan Tadic,-,Serbia,10
2017,52,Tammy Abraham,-,England,9
2017,52,Jermain Defoe,-,England,9
2017,52,Pascal Groß,Brighton & Hove Albion,Germany,9
2017,52,Victor Moses,-,Nigeria,9
2017,52,Shinji Okazaki,-,Japan,9
2017,52,Marcus Rashford,Manchester United,England,9
2017,52,Cenk Tosun,-,Turkey,9
2017,52,DeAndre Yedlin,-,United States,9
2017,60,Marcos Alonso,-,Spain,8
2017,60,Jordan Ayew,-,Ghana,8
2017,60,Anthony Knockaert,-,France,8
2017,60,Anthony Martial,Manchester United,France,8
2017,60,Wayne Rooney,-,England,8
2017,65,Michail Antonio,West Ham United,Jamaica,7
2017,65,Shane Duffy,-,Ireland,7
2017,65,Tomer Hemed,-,Israel,7
2017,65,Solly March,Brighton & Hove Albion,England,7
2017,65,Leroy Sané,-,Germany,7
2017,70,Christian Atsu,-,Ghana,6
2017,70,André Ayew,-,Ghana,6
2017,70,Michy Batshuayi,-,Belgium,6
2017,70,Andy Carroll,-,England,6
2017,70,Laurent Depoitre,-,Belgium,6
2017,70,Cheikhou Kouyaté,-,Senegal,6
2017,70,Hal Robson-Kanu,-,Wales,6
2017,70,Andros Townsend,-,England,6
2017,78,Dele Alli,-,England,5
2017,78,Willian,-,Brazil,5
2017,78,Cesc Fàbregas,-,Spain,5
2017,78,Olivier Giroud,-,France,5
2017,78,Elias Kachunga,-,DR Congo,5
2017,78,James McClean,-,Ireland,5
2017,78,Andy Robertson,Liverpool,Scotland,5
2017,78,Diafra Sakho,-,Senegal,5
2017,78,Davide Zappacosta,-,Italy,5
2017,87,Benik Afobe,-,DR Congo,4
2017,87,Héctor Bellerín,-,Spain,4
2017,87,Saido Berahino,-,Burundi,4
2017,87,Yannick Bolasie,-,DR Congo,4
2017,87,André Carrillo,-,Peru,4
2017,87,Ben Chilwell,-,England,4
2017,87,Philippe Coutinho,-,Brazil,4
2017,87,Craig Dawson,West Bromwich Albion,England,4
2017,87,Demarai Gray,-,Jamaica,4
2017,87,Florent Hadërgjonaj,-,Kosovo,4
2017,87,Kelechi Iheanacho,-,Nigeria,4
2017,87,Michael Keane,Everton,England,4
2017,87,Joshua King,-,Norway,4
2017,87,Jesse Lingard,-,England,4
2016,1,Zlatan Ibrahimovic,-,Sweden,37
2016,2,Christian Benteke,-,Belgium,36
2016,2,Jermain Defoe,-,England,36
2016,2,Romelu Lukaku,-,Belgium,36
2016,5,Andre Gray,-,Jamaica,35
2016,6,Marko Arnautovic,-,Austria,32
2016,7,Salomón Rondón,-,Venezuela,29
2016,8,Alexis Sánchez,-,Chile,27
2016,9,Diego Costa,-,Spain,26
2016,10,Jamie Vardy,-,England,25
2016,11,Sergio Agüero,-,Argentina,23
2016,11,Sam Vokes,-,Wales,23
2016,13,Son Heung-Min,Tottenham Hotspur,South Korea,22
2016,14,Ashley Barnes,-,England,21
2016,15,Michail Antonio,West Ham United,Jamaica,20
2016,15,Mesut Özil,-,Germany,20
2016,17,Roberto Firmino,-,Brazil,19
2016,17,Troy Deeney,-,England,19
2016,19,Callum Wilson,-,England,18
2016,20,Harry Kane,-,England,17
2016,20,Álvaro Negredo,-,Spain,17
2016,20,Theo Walcott,-,England,17
2016,23,Raheem Sterling,-,England,16
2016,24,Benik Afobe,-,DR Congo,14
2016,24,Nathan Redmond,Southampton,England,14
2016,26,Sadio Mané,-,Senegal,13
2016,26,Divock Origi,Liverpool,Belgium,13
2016,28,Olivier Giroud,-,France,12
2016,28,Adam Lallana,-,England,12
2016,28,Fernando Llorente,-,Spain,12
2016,28,Shane Long,-,Ireland,12
2016,28,Dieumerci Mbokani,-,DR Congo,12
2016,28,Leroy Sané,-,Germany,12
2016,28,Jonathan Walters,-,Ireland,12
2016,35,Dele Alli,-,England,11
2016,35,Abel Hernández,-,Uruguay,11
2016,35,Oumar Niasse,-,Senegal,11
2016,35,Stefano Okaka,-,Italy,11
2016,35,Marcus Rashford,Manchester United,England,11
2016,35,Islam Slimani,-,Algeria,11
2016,41,Modou Barrow,-,Gambia,10
2016,41,Gerard Deulofeu,-,Spain,10
2016,41,Adama Diomande,-,Norway,10
2016,41,Mame Diouf,-,Senegal,10
2016,41,Manolo Gabbiadini,-,Italy,10
2016,46,Jonathan Calleri,-,Argentina,9
2016,46,Gabriel Jesus,-,Brazil,9
2016,46,Odion Ighalo,-,Nigeria,9
2016,46,Juan Mata,-,Spain,9
2016,46,Jay Rodríguez,-,England,9
2016,46,Wayne Routledge,-,England,9
2016,46,Dusan Tadic,-,Serbia,9
2016,53,Charlie Austin,-,England,8
2016,53,Ross Barkley,Everton,England,8
2016,53,Saido Berahino,-,Burundi,8
2016,53,George Boyd,-,Scotland,8
2016,53,Eden Hazard,-,Belgium,8
2016,53,Vincent Janssen,-,Netherlands,8
2016,53,Riyad Mahrez,-,Algeria,8
2016,53,Henrikh Mkhitaryan,-,Armenia,8
2016,53,Pedro,-,Spain,8
2016,62,Peter Crouch,-,England,7
2016,62,Wahbi Khazri,-,Tunisia,7
2016,62,Manuel Lanzini,-,Argentina,7
2016,62,Nacho Monreal,-,Spain,7
2016,62,Wayne Rooney,-,England,7
2016,62,Robert Snodgrass,-,Scotland,7
2016,62,Daniel Sturridge,-,England,7
2016,62,Antonio Valencia,-,Ecuador,7
2016,70,Victor Anichebe,-,Nigeria,6
2016,70,Jordan Ayew,-,Ghana,6
2016,70,Stewart Downing,-,England,6
2016,70,Kamil Grosicki,-,Poland,6
2016,70,Kelechi Iheanacho,-,Nigeria,6
2016,70,Anthony Martial,Manchester United,France,6
2016,70,James McClean,-,Ireland,6
2016,70,Diafra Sakho,-,Senegal,6
2016,70,Enner Valencia,-,Ecuador,6
2016,70,Patrick van Aanholt,-,Netherlands,6
2016,70,Wilfried Zaha,-,Cote D’Ivoire,6
2016,81,André Ayew,-,Ghana,5
2016,81,Daryl Janmaat,-,Netherlands,5
2016,81,Joshua King,-,Norway,5
2016,81,Javier Manquillo,Sunderland,Spain,5
2016,81,M'Baye Niang,-,Senegal,5
2016,81,Hal Robson-Kanu,-,Wales,5
2016,81,David Silva,-,Spain,5
2016,81,Junior Stanislas,-,England,5
2016,81,Pablo Zabaleta,-,Argentina,5
2016,81,Simone Zaza,-,Italy,5
2016,91,Nolito,-,Spain,4
2016,91,Borja Bastón,-,Spain,4
2016,91,Michy Batshuayi,-,Belgium,4
2016,91,Andy Carroll,-,England,4
2016,91,Séamus Coleman,Everton,Ireland,4
2016,91,Philippe Coutinho,-,Brazil,4
2016,91,Aaron Cresswell,West Ham United,England,4
2016,91,Tom Davies,-,England,4
2016,91,Jeff Hendrick,-,Ireland,4
2016,91,Jesse Lingard,-,England,4
2015,1,Jermain Defoe,-,England,43
2015,2,Bafétimbi Gomis,-,France,38
2015,3,Diego Costa,-,Spain,33
2015,4,Marko Arnautovic,-,Austria,32
2015,5,Harry Kane,-,England,30
2015,6,Dieumerci Mbokani,-,DR Congo,29
2015,7,Sergio Agüero,-,Argentina,27
2015,7,Odion Ighalo,-,Nigeria,27
2015,7,Sadio Mané,-,Senegal,27
2015,10,Olivier Giroud,-,France,26
2015,10,Salomón Rondón,-,Venezuela,26
2015,10,Jamie Vardy,-,England,26
2015,13,Shane Long,-,Ireland,25
2015,13,Jonathan Walters,-,Ireland,25
2015,15,Cameron Jerome,-,England,22
2015,16,Papiss Cissé,-,Senegal,19
2015,17,Troy Deeney,-,England,18
2015,18,Christian Benteke,-,Belgium,17
2015,18,Yannick Bolasie,-,DR Congo,17
2015,18,Anthony Martial,Manchester United,France,17
2015,21,Joshua King,-,Norway,16
2015,21,Romelu Lukaku,-,Belgium,16
2015,21,Aleksandar Mitrovic,-,Serbia,16
2015,21,Graziano Pellè,-,Italy,16
2015,25,Roberto Firmino,-,Brazil,15
2015,25,Mesut Özil,-,Germany,15
2015,25,Wayne Rooney,-,England,15
2015,28,Adam Lallana,-,England,14
2015,28,Érik Lamela,-,Argentina,14
2015,30,Glenn Murray,-,England,13
2015,30,Alexis Sánchez,-,Chile,13
2015,30,Theo Walcott,-,England,13
2015,33,Diafra Sakho,-,Senegal,12
2015,34,Emmanuel Adebayor,-,Togo,11
2015,34,Michail Antonio,West Ham United,Jamaica,11
2015,36,Jordan Ayew,-,Ghana,10
2015,36,Saido Berahino,-,Burundi,10
2015,36,Eden Hazard,-,Belgium,10
2015,36,Divock Origi,Liverpool,Belgium,10
2015,40,Benik Afobe,-,DR Congo,9
2015,40,André Ayew,-,Ghana,9
2015,40,Peter Crouch,-,England,9
2015,40,Juan Mata,-,Spain,9
2015,40,Steven Naismith,-,Scotland,9
2015,40,Scott Sinclair,-,England,9
2015,40,Son Heung-Min,Tottenham Hotspur,South Korea,9
2015,40,Dusan Tadic,-,Serbia,9
2015,40,Enner Valencia,-,Ecuador,9
2015,40,Duncan Watmore,-,England,9
2015,50,Séamus Coleman,Everton,Ireland,8
2015,50,Kevin De Bruyne,Manchester City,Belgium,8
2015,50,Memphis Depay,-,Netherlands,8
2015,50,Mame Diouf,-,Senegal,8
2015,50,Steven Fletcher,-,Scotland,8
2015,50,Craig Gardner,-,England,8
2015,50,Shinji Okazaki,-,Japan,8
2015,50,Bakary Sako,-,Mali,8
2015,50,Joselu,-,Spain,8
2015,50,Xherdan Shaqiri,-,Switzerland,8
2015,50,Wilfried Zaha,-,Cote D’Ivoire,8
2015,61,Wilfried Bony,-,Cote D’Ivoire,7
2015,61,Andy Carroll,-,England,7
2015,61,Emmanuel Emenike,-,Nigeria,7
2015,61,Kevin Mirallas,-,Belgium,7
2015,61,Wayne Routledge,-,England,7
2015,61,Daniel Sturridge,-,England,7
2015,67,Dele Alli,-,England,6
2015,67,Fraizer Campbell,-,England,6
2015,67,Rudy Gestede,-,Benin,6
2015,67,Lewis Grabban,-,England,6
2015,67,Nikica Jelavic,-,Croatia,6
2015,67,Manuel Lanzini,-,Argentina,6
2015,67,James McClean,-,Ireland,6
2015,67,Alberto Moreno,-,Spain,6
2015,67,Victor Moses,-,Nigeria,6
2015,67,Mark Noble,-,England,6
2015,67,Alberto Paloschi,-,Italy,6
2015,67,Nathan Redmond,Norwich City,England,6
2015,67,Leonardo Ulloa,-,Argentina,6
2015,80,Ross Barkley,Everton,England,5
2015,80,Emre Can,-,Germany,5
2015,80,Philippe Coutinho,-,Brazil,5
2015,80,Scott Dann,-,England,5
2015,80,Steven Davis,-,Northern Ireland,5
2015,80,Wes Hoolahan,-,Ireland,5
2015,80,Daryl Janmaat,-,Netherlands,5
2015,80,Libor Kozák,-,Czech Republic,5
2015,80,Jesse Lingard,-,England,5
2015,80,Dame N'Doye,-,Senegal,5
2015,80,Ayoze Pérez,-,Spain,5
2015,80,Jason Puncheon,-,England,5
2015,80,Aaron Ramsey,-,Wales,5
2015,80,Loïc Rémy,-,France,5
2015,80,Pedro,-,Spain,5
2015,80,Raheem Sterling,-,England,5
2015,80,Bertrand Traoré,-,Burkina Faso,5
2015,80,Georginio Wijnaldum,-,Netherlands,5
2015,98,Victor Anichebe,-,Nigeria,4
2015,98,Leighton Baines,-,England,4
2015,98,Robert Brady,-,Ireland,4
2014,1,Christian Benteke,-,Belgium,36
2014,1,Romelu Lukaku,-,Belgium,36
2014,3,Charlie Austin,-,England,35
2014,4,Harry Kane,-,England,34
2014,5,Sergio Agüero,-,Argentina,33
2014,6,Jamie Vardy,-,England,32
2014,7,Enner Valencia,-,Ecuador,30
2014,8,Diego Costa,-,Spain,25
2014,8,Graziano Pellè,-,Italy,25
2014,10,Sadio Mané,-,Senegal,24
2014,10,Bobby Zamora,-,England,24
2014,12,Nikica Jelavic,-,Croatia,23
2014,12,Diafra Sakho,-,Senegal,23
2014,14,Bafétimbi Gomis,-,France,22
2014,15,Wayne Routledge,-,England,21
2014,16,Saido Berahino,-,Burundi,20
2014,16,Robin van Persie,-,Netherlands,20
2014,18,Danny Ings,-,England,19
2014,18,Shane Long,-,Ireland,19
2014,20,Mame Diouf,-,Senegal,18
2014,21,Brown Ideye,-,Nigeria,17
2014,22,Raheem Sterling,-,England,16
2014,22,Jonathan Walters,-,Ireland,16
2014,24,Yannick Bolasie,-,DR Congo,15
2014,24,Jermain Defoe,-,England,15
2014,24,Radamel Falcao,-,Colombia,15
2014,24,Abel Hernández,-,Uruguay,15
2014,24,Glenn Murray,-,England,15
2014,29,Marouane Fellaini,-,Belgium,14
2014,29,Wayne Rooney,-,England,14
2014,31,Gabriel Agbonlahor,-,England,13
2014,31,George Boyd,-,Scotland,13
2014,31,Olivier Giroud,-,France,13
2014,31,Kevin Mirallas,-,Belgium,13
2014,31,Dusan Tadic,-,Serbia,13
2014,36,Mario Balotelli,-,Italy,12
2014,36,Peter Crouch,-,England,12
2014,36,Didier Drogba,-,Cote D’Ivoire,12
2014,36,Rickie Lambert,-,England,12
2014,36,Ayoze Pérez,-,Spain,12
2014,36,Leonardo Ulloa,-,Argentina,12
2014,42,Emmanuel Adebayor,-,Togo,11
2014,42,Marko Arnautovic,-,Austria,11
2014,42,Wilfried Bony,-,Cote D’Ivoire,11
2014,42,Lukas Jutkiewicz,-,England,11
2014,46,Ashley Barnes,-,England,10
2014,46,Fraizer Campbell,-,England,10
2014,46,Nacer Chadli,-,Belgium,10
2014,46,Dame N'Doye,-,Senegal,10
2014,46,Loïc Rémy,-,France,10
2014,51,Papiss Cissé,-,Senegal,9
2014,51,Steven Naismith,-,Scotland,9
2014,51,Samir Nasri,-,France,9
2014,51,Mesut Özil,-,Germany,9
2014,51,Connor Wickham,-,England,9
2014,56,William Buckley,-,England,8
2014,56,Carlton Cole,-,England,8
2014,56,Steven Fletcher,-,Scotland,8
2014,56,Jesús Navas,-,Spain,8
2014,56,Alexis Sánchez,-,Chile,8
2014,61,Leighton Baines,-,England,7
2014,61,Philippe Coutinho,-,Brazil,7
2014,61,Aaron Cresswell,West Ham United,England,7
2014,61,Adam Johnson,-,England,7
2014,61,Nemanja Matic,-,Serbia,7
2014,61,James Milner,-,England,7
2014,61,Danny Welbeck,-,England,7
2014,61,Wilfried Zaha,-,Cote D’Ivoire,7
2014,69,Victor Anichebe,-,Nigeria,6
2014,69,Marouane Chamakh,-,Morocco,6
2014,69,Nathan Dyer,-,England,6
2014,69,Edin Dzeko,-,Bosnia & Herzegovina,6
2014,69,Dwight Gayle,-,England,6
2014,69,Érik Lamela,-,Argentina,6
2014,69,Juan Mata,-,Spain,6
2014,69,Jordon Mutch,-,England,6
2014,69,Kevin Nolan,-,England,6
2014,69,David Nugent,-,England,6
2014,69,Yaya Sanogo,-,France,6
2014,69,Roberto Soldado,-,Spain,6
2014,69,Daniel Sturridge,-,England,6
2014,69,Andreas Weimann,-,Austria,6
2014,83,Sone Aluko,-,Nigeria,5
2014,83,Ángel Di María,-,Argentina,5
2014,83,Craig Gardner,-,England,5
2014,83,Stephen Ireland,-,Ireland,5
2014,83,Steven Nzonzi,-,France,5
2014,83,Aaron Ramsey,-,Wales,5
2014,89,Willian,-,Brazil,4
2014,89,Robert Brady,-,Ireland,4
2014,89,Séamus Coleman,Everton,Ireland,4
2014,89,Steven Davis,-,Northern Ireland,4
2014,89,Mathieu Debuchy,-,France,4
2014,89,Oscar,-,Brazil,4
2014,89,Stewart Downing,-,England,4
2014,89,Yoan Gouffran,-,France,4
2014,89,Eden Hazard,-,Belgium,4
2014,89,Jordan Henderson,-,England,4
2014,89,Branislav Ivanovic,-,Serbia,4
2014,89,Billy Jones,-,England,4
2013,1,Luis Suárez,-,Uruguay,33
2013,2,Loïc Rémy,-,France,32
2013,3,Christian Benteke,-,Belgium,30
2013,4,Emmanuel Adebayor,-,Togo,29
2013,4,Olivier Giroud,-,France,29
2013,6,Rickie Lambert,-,England,28
2013,7,Shane Long,-,Ireland,27
2013,7,Jay Rodríguez,-,England,27
2013,9,Cameron Jerome,-,England,26
2013,10,Gabriel Agbonlahor,-,England,25
2013,10,Nikica Jelavic,-,Croatia,25
2013,12,Wilfried Bony,-,Cote D’Ivoire,24
2013,13,Fraizer Campbell,-,England,23
2013,14,Peter Odemwingie,-,Nigeria,22
2013,14,Robin van Persie,-,Netherlands,22
2013,16,Dimitar Berbatov,-,Bulgaria,21
2013,16,Fernando Torres,-,Spain,21
2013,18,Kevin Mirallas,-,Belgium,20
2013,19,Papiss Cissé,-,Senegal,19
2013,19,Steven Fletcher,-,Scotland,19
2013,19,Romelu Lukaku,-,Belgium,19
2013,19,Daniel Sturridge,-,England,19
2013,23,Sergio Agüero,-,Argentina,18
2013,24,Nicolas Anelka,-,France,17
2013,24,Kevin Nolan,-,England,17
2013,26,Adam Lallana,-,England,16
2013,26,André Schürrle,-,Germany,16
2013,28,Peter Crouch,-,England,15
2013,28,Daniel Osvaldo,-,Italy,15
2013,28,Wayne Rooney,-,England,15
2013,28,Yannick Sagbo,-,Cote D’Ivoire,15
2013,32,Johan Elmander,-,Sweden,14
2013,32,Samuel Eto'o,-,Cameroon,14
2013,34,Oussama Assaidi,-,Morocco,13
2013,34,Juan Mata,-,Spain,13
2013,34,Álvaro Negredo,-,Spain,13
2013,34,Jonathan Walters,-,Ireland,13
2013,38,Jozy Altidore,-,United States,12
2013,38,Marouane Chamakh,-,Morocco,12
2013,38,Patrice Evra,-,France,12
2013,41,Morgan Amalfitano,-,France,11
2013,41,Saido Berahino,-,Burundi,11
2013,41,Mesut Özil,-,Germany,11
2013,41,Michu,-,Spain,11
2013,45,Marko Arnautovic,-,Austria,10
2013,45,Demba Ba,-,Senegal,10
2013,45,Leighton Baines,-,England,10
2013,45,Carlton Cole,-,England,10
2013,45,Emanuele Giaccherini,-,Italy,10
2013,45,Chicharito,-,Mexico,10
2013,45,Modibo Maiga,-,Mali,10
2013,45,Wayne Routledge,-,England,10
2013,45,Steve Sidwell,-,England,10
2013,54,Shola Ameobi,-,Nigeria,9
2013,54,Darren Bent,-,England,9
2013,54,Eden Hazard,-,Belgium,9
2013,54,Pajtim Kasami,-,Switzerland,9
2013,58,Victor Anichebe,-,Nigeria,8
2013,58,Craig Bellamy,-,Wales,8
2013,58,George Boyd,-,Scotland,8
2013,58,Joe Cole,-,England,8
2013,58,Jonathan de Guzmán,-,Netherlands,8
2013,58,Stewart Downing,-,England,8
2013,58,Edin Dzeko,-,Bosnia & Herzegovina,8
2013,58,Matthew Jarvis,-,England,8
2013,58,Libor Kozák,-,Czech Republic,8
2013,58,Stéphane Sessègnon,-,Benin,8
2013,58,Roberto Soldado,-,Spain,8
2013,58,Raheem Sterling,-,England,8
2013,70,Sone Aluko,-,Nigeria,7
2013,70,Yannick Bolasie,-,DR Congo,7
2013,70,Fabio Borini,-,Italy,7
2013,70,Branislav Ivanovic,-,Serbia,7
2013,70,Jordon Mutch,-,England,7
2013,70,Samir Nasri,-,France,7
2013,70,Ramires,-,Brazil,7
2013,70,Moussa Sissoko,-,France,7
2013,70,Ricky van Wolfswinkel,-,Netherlands,7
2013,70,Álvaro Vázquez,-,Spain,7
2013,70,Ashley Young,-,England,7
2013,81,Andy Carroll,-,England,6
2013,81,Glenn Murray,-,England,6
2013,81,Ryan Shawcross,-,England,6
2013,81,Theo Walcott,-,England,6
2013,85,Paulinho,-,Brazil,5
2013,85,Chris Brunt,-,Northern Ireland,5
2013,85,Mathieu Debuchy,-,France,5
2013,85,Yoan Gouffran,-,France,5
2013,85,Danny Graham,-,England,5
2013,85,Jordan Henderson,-,England,5
2013,85,Gary Hooper,-,England,5
2013,85,Stephen Ireland,-,Ireland,5
2013,85,Adam Johnson,-,England,5
2013,85,Harry Kane,-,England,5
2013,85,Lukas Podolski,-,Germany,5
2013,85,Ben Turner,-,England,5
2013,85,Antonio Valencia,-,Ecuador,5
2013,85,Matej Vydra,-,Czech Republic,5
2013,85,Ashley Williams,-,Wales,5
2013,85,Jack Wilshere,-,England,5
2012,1,Christian Benteke,-,Belgium,50
2012,2,Nikica Jelavic,-,Croatia,46
2012,2,Robin van Persie,-,Netherlands,46
2012,4,Papiss Cissé,-,Senegal,45
2012,5,Grant Holt,-,England,44
2012,6,Romelu Lukaku,-,Belgium,42
2012,7,Luis Suárez,-,Uruguay,39
2012,8,Rickie Lambert,-,England,37
2012,9,Dimitar Berbatov,-,Bulgaria,36
2012,10,Fernando Torres,-,Spain,29
2012,11,Arouna Koné,-,[object Object],27
2012,12,Theo Walcott,-,England,26
2012,13,Pavel Pogrebnyak,-,Russia,24
2012,14,Jamie Mackie,-,Scotland,23
2012,15,Emmanuel Adebayor,-,Togo,21
2012,15,Shane Long,-,Ireland,21
2012,15,Michu,-,Spain,21
2012,18,Steven Fletcher,-,Scotland,20
2012,18,Olivier Giroud,-,France,20
2012,18,Jonathan Walters,-,Ireland,20
2012,21,Chicharito,-,Mexico,19
2012,21,Juan Mata,-,Spain,19
2012,21,Jay Rodríguez,-,England,19
2012,24,Carlos Tevez,-,Argentina,18
2012,24,Bobby Zamora,-,England,18
2012,26,Jermain Defoe,-,England,17
2012,26,Danny Graham,-,England,17
2012,26,Loïc Rémy,-,France,17
2012,26,Itay Shechter,-,Israel,17
2012,30,Djibril Cissé,-,France,16
2012,30,Peter Crouch,-,England,16
2012,30,Kevin Nolan,-,England,16
2012,30,Andreas Weimann,-,Austria,16
2012,34,Demba Ba,-,Senegal,15
2012,34,Jean Beausejour,-,Chile,15
2012,34,Kevin Mirallas,-,Belgium,15
2012,34,Daniel Sturridge,-,England,15
2012,38,Sergio Agüero,-,Argentina,14
2012,38,Noel Hunt,-,Ireland,14
2012,40,Victor Anichebe,-,Nigeria,13
2012,40,Damien Duff,-,Ireland,13
2012,40,Marouane Fellaini,-,Belgium,13
2012,40,Cameron Jerome,-,England,13
2012,44,Stewart Downing,-,England,12
2012,44,Stéphane Sessègnon,-,Benin,12
2012,46,Gabriel Agbonlahor,-,England,11
2012,46,Gareth Bale,-,Wales,11
2012,46,Clint Dempsey,-,United States,11
2012,46,Simeon Jackson,-,Canada,11
2012,46,Adam Le Fondre,-,England,11
2012,51,Andy Carroll,-,England,10
2012,51,Joe Cole,-,England,10
2012,51,Franco Di Santo,-,Argentina,10
2012,51,Wes Hoolahan,-,Ireland,10
2012,51,Robert Snodgrass,-,Scotland,10
2012,51,Antonio Valencia,-,Ecuador,10
2012,51,Ricardo Vaz Tê,-,Portugal,10
2012,58,Darren Bent,-,England,9
2012,58,Carlton Cole,-,England,9
2012,58,Jordi Gómez,-,Spain,9
2012,58,Adam Lallana,-,England,9
2012,58,Shaun Maloney,-,Scotland,9
2012,58,Lukas Podolski,-,Germany,9
2012,64,Pablo Hernández,-,Spain,8
2012,64,Junior Hoilett,-,Canada,8
2012,64,Adam Johnson,-,England,8
2012,64,Gervinho,-,Cote D’Ivoire,8
2012,64,Peter Odemwingie,-,Nigeria,8
2012,64,Wayne Routledge,-,England,8
2012,70,Shola Ameobi,-,Nigeria,7
2012,70,Philippe Coutinho,-,Brazil,7
2012,70,Edin Dzeko,-,Bosnia & Herzegovina,7
2012,70,Marc-Antoine Fortuné,-,France,7
2012,70,Luke Moore,-,England,7
2012,70,Jason Roberts,-,Grenada,7
2012,70,Markus Rosenberg,-,Sweden,7
2012,77,José Enrique,-,Spain,6
2012,77,Matthew Jarvis,-,England,6
2012,77,Aaron Lennon,-,England,6
2012,77,Victor Moses,-,Nigeria,6
2012,77,Mladen Petric,-,Croatia,6
2012,77,Jonjo Shelvey,-,England,6
2012,77,Raheem Sterling,-,England,6
2012,77,Matthew Taylor,-,England,6
2012,77,Shaun Wright-Phillips,-,England,6
2012,86,Gaël Clichy,-,France,5
2012,86,Mathieu Debuchy,-,France,5
2012,86,Ashkan Dejagah,-,Iran,5
2012,86,Kieran Gibbs,-,England,5
2012,86,Yoan Gouffran,-,France,5
2012,86,Eden Hazard,-,Belgium,5
2012,86,Glen Johnson,-,England,5
2012,86,Kei Kamara,-,Sierra Leone,5
2012,86,Jimmy Kébé,-,Mali,5
2012,86,Anthony Pilkington,-,Ireland,5
2012,86,Jason Puncheon,-,England,5
2012,86,Ryan Shawcross,-,England,5
2012,98,Sebastien Bassong,-,Cameroon,4
2012,98,Joe Bennett,-,England,4
2012,98,Mauro Boselli,-,Argentina,4
2011,1,Emmanuel Adebayor,-,Togo,52
2011,2,Luis Suárez,-,Uruguay,48
2011,3,Robin van Persie,-,Netherlands,44
2011,4,Chicharito,-,Mexico,42
2011,5,Darren Bent,-,England,39
2011,6,Peter Odemwingie,-,Nigeria,38
2011,7,Grant Holt,-,England,33
2011,7,Shane Long,-,Ireland,33
2011,9,Sergio Agüero,-,Argentina,31
2011,10,Danny Graham,-,England,30
2011,11,Demba Ba,-,Senegal,27
2011,12,Nicklas Bendtner,-,Denmark,26
2011,13,Leon Best,-,Ireland,24
2011,13,Steven Fletcher,-,Scotland,24
2011,13,Bobby Zamora,-,England,24
2011,16,Peter Crouch,-,England,23
2011,16,Theo Walcott,-,England,23
2011,18,Tim Cahill,-,Australia,21
2011,18,Dirk Kuijt,-,Netherlands,21
2011,20,Marc-Antoine Fortuné,-,France,20
2011,21,Andy Carroll,-,England,19
2011,21,Victor Moses,-,Nigeria,19
2011,23,Marouane Fellaini,-,Belgium,18
2011,23,Andrew Johnson,-,England,18
2011,23,Jamie Mackie,-,Scotland,18
2011,23,Steve Morison,-,Wales,18
2011,23,Jonathan Walters,-,Ireland,18
2011,28,Yakubu,-,Nigeria,17
2011,28,Papiss Cissé,-,Senegal,17
2011,28,Franco Di Santo,-,Argentina,17
2011,28,Scott Sinclair,-,England,17
2011,28,Denis Stracqualursi,-,Argentina,17
2011,33,Gabriel Agbonlahor,-,England,16
2011,33,Juan Mata,-,Spain,16
2011,33,Somen Tchoyi,-,Cameroon,16
2011,33,Shaun Wright-Phillips,-,England,16
2011,37,Sylvan Ebanks-Blake,-,England,15
2011,37,David N'Gog,-,France,15
2011,37,Hugo Rodallega,-,Colombia,15
2011,40,Kevin Davies,-,England,14
2011,40,Junior Hoilett,-,Canada,14
2011,40,Louis Saha,-,France,14
2011,43,Nikica Jelavic,-,Croatia,13
2011,43,Pavel Pogrebnyak,-,Russia,13
2011,45,Craig Bellamy,-,Wales,12
2011,45,Jermain Defoe,-,England,12
2011,45,Heidar Helguson,-,Iceland,12
2011,45,Danny Welbeck,Manchester United,England,12
2011,49,Stewart Downing,-,England,11
2011,49,Kevin Doyle,-,Ireland,11
2011,49,Fernando Torres,-,Spain,11
2011,49,Antonio Valencia,-,Ecuador,11
2011,53,Clint Dempsey,-,United States,10
2011,53,Didier Drogba,-,Cote D’Ivoire,10
2011,53,Damien Duff,-,Ireland,10
2011,53,Matthew Jarvis,-,England,10
2011,53,Stéphane Sessègnon,-,Benin,10
2011,58,Shola Ameobi,-,Nigeria,9
2011,58,Edin Dzeko,-,Bosnia & Herzegovina,9
2011,60,Mario Balotelli,-,Italy,8
2011,60,Jay Bothroyd,-,England,8
2011,60,Emile Heskey,-,England,8
2011,60,Wayne Routledge,-,England,8
2011,60,Jerome Thomas,-,England,8
2011,65,Cameron Jerome,-,England,7
2011,65,Ivan Klasnic,-,Croatia,7
2011,65,David Silva,-,Spain,7
2011,65,Ashley Young,Manchester United,England,7
2011,69,Leighton Baines,-,England,6
2011,69,Ashley Cole,-,England,6
2011,69,Jordan Henderson,-,England,6
2011,69,Stephen Ireland,-,Ireland,6
2011,69,Simeon Jackson,-,Canada,6
2011,69,Gervinho,-,Cote D’Ivoire,6
2011,69,Micah Richards,-,England,6
2011,69,Daniel Sturridge,-,England,6
2011,69,Connor Wickham,-,England,6
2011,78,Gareth Bale,-,Wales,5
2011,78,Jean Beausejour,-,Chile,5
2011,78,Fraizer Campbell,-,England,5
2011,78,Royston Drenthe,-,Netherlands,5
2011,78,William Gallas,-,France,5
2011,78,Wes Hoolahan,-,Ireland,5
2011,78,Stephen Hunt,-,Ireland,5
2011,78,Ji Dong-Won,-,South Korea,5
2011,78,Samir Nasri,-,France,5
2011,78,Jermaine Pennant,-,England,5
2011,78,Conor Sammon,-,Ireland,5
2011,78,Ramires,-,Brazil,5
2011,78,Rafael van der Vaart,-,Netherlands,5
2011,78,Stephen Ward,-,Ireland,5
2011,92,Victor Anichebe,-,Nigeria,4
2011,92,Joey Barton,-,England,4
2011,92,Orlando Sá,-,Portugal,4
2011,92,Djibril Cissé,-,France,4
2011,92,Nathan Dyer,-,England,4
2011,92,Patrice Evra,-,France,4
2011,92,Steven Gerrard,-,England,4
2011,92,David Goodwillie,-,Scotland,4
2011,92,Adam Johnson,-,England,4
2010,1,Darren Bent,-,England,67
2010,2,Peter Odemwingie,-,Nigeria,47
2010,3,Dimitar Berbatov,-,Bulgaria,36
2010,4,Carlton Cole,-,England,34
2010,5,Hugo Rodallega,-,Colombia,32
2010,6,Asamoah Gyan,-,Ghana,30
2010,6,Carlos Tevez,-,Argentina,30
2010,6,Fernando Torres,-,Spain,30
2010,9,Didier Drogba,-,Cote D’Ivoire,29
2010,10,Tim Cahill,-,Australia,25
2010,10,Chicharito,-,Mexico,25
2010,10,Cameron Jerome,-,England,25
2010,10,Luke Varney,-,England,25
2010,14,Marc-Antoine Fortuné,-,France,24
2010,14,Nikola Zigic,-,Serbia,24
2010,16,Nicolas Anelka,-,France,23
2010,16,Steven Fletcher,-,Scotland,23
2010,16,Frédéric Piquionne,-,France,23
2010,19,Andrey Arshavin,-,Russia,22
2010,19,Andrew Johnson,-,England,22
2010,21,Leon Best,-,Ireland,21
2010,21,Ashley Young,-,England,21
2010,23,Dirk Kuijt,-,Netherlands,19
2010,23,Jonathan Walters,-,Ireland,19
2010,25,DJ Campbell,-,England,18
2010,25,Clint Dempsey,-,United States,18
2010,25,Kevin Doyle,-,Ireland,18
2010,25,Wayne Rooney,-,England,18
2010,25,Theo Walcott,-,England,18
2010,30,Jermain Defoe,-,England,17
2010,30,Florent Malouda,-,France,17
2010,32,Shola Ameobi,-,Nigeria,16
2010,32,Mame Diouf,-,Senegal,16
2010,34,Marouane Chamakh,-,Morocco,15
2010,34,Franco Di Santo,-,Argentina,15
2010,34,Kieron Dyer,-,England,15
2010,34,Nikola Kalinic,-,Croatia,15
2010,34,Peter Løvenkrands,-,Denmark,15
2010,34,Jason Roberts,-,Grenada,15
2010,34,Stephen Ward,-,Ireland,15
2010,41,Mario Balotelli,-,Italy,14
2010,41,Johan Elmander,-,Sweden,14
2010,41,Emile Heskey,-,England,14
2010,41,Diomansy Kamara,-,Senegal,14
2010,41,Kevin Nolan,-,England,14
2010,46,Jermaine Beckford,-,Jamaica,13
2010,46,Sylvan Ebanks-Blake,-,England,13
2010,48,John Carew,-,Norway,12
2010,49,Kevin Davies,-,England,11
2010,49,Salomon Kalou,-,Cote D’Ivoire,11
2010,49,Samir Nasri,-,France,11
2010,49,Roman Pavlyuchenko,-,Russia,11
2010,49,Luis Suárez,-,Uruguay,11
2010,49,Gary Taylor-Fletcher,-,England,11
2010,49,Robin van Persie,-,Netherlands,11
2010,56,Demba Ba,-,Senegal,10
2010,56,Ashley Cole,-,England,10
2010,56,Mousa Dembélé,-,Belgium,10
2010,56,El Hadji Diouf,-,Senegal,10
2010,56,Benjani,-,Zimbabwe,10
2010,56,Brett Ormerod,-,England,10
2010,56,Bobby Zamora,-,England,10
2010,63,Yakubu,-,Nigeria,9
2010,63,Andy Carroll,-,England,9
2010,63,Ricardo Fuller,-,Jamaica,9
2010,63,Marlon Harewood,-,England,9
2010,63,Jermaine Pennant,-,England,9
2010,68,Emmanuel Adebayor,-,Togo,8
2010,68,Gareth Bale,-,Wales,8
2010,68,Pablo Barrera,-,Mexico,8
2010,68,Adam Johnson,-,England,8
2010,68,Kenwyne Jones,-,Trinidad & Tobago,8
2010,68,Daniel Sturridge,-,England,8
2010,68,Jerome Thomas,-,England,8
2010,75,Simon Davies,-,Wales,7
2010,75,Matt Derbyshire,-,England,7
2010,75,Damien Duff,-,Ireland,7
2010,75,Patrice Evra,-,France,7
2010,75,Matthew Jarvis,-,England,7
2010,75,James Milner,Manchester City,England,7
2010,75,Victor Obinna,-,Nigeria,7
2010,75,Danny Welbeck,Manchester United,England,7
2010,83,Peter Crouch,-,England,6
2010,83,Edin Dzeko,-,Bosnia & Herzegovina,6
2010,83,Brett Emerton,-,Australia,6
2010,83,Marouane Fellaini,-,Belgium,6
2010,83,Robbie Keane,-,Ireland,6
2010,83,David N'Gog,-,France,6
2010,83,Charles N'Zogbia,-,France,6
2010,83,Kevin Phillips,-,England,6
2010,83,Nile Ranger,-,England,6
2010,83,Kieran Richardson,-,England,6
2010,83,Maxi Rodríguez,-,Argentina,6
2010,83,Louis Saha,-,France,6
2010,95,Ryan Babel,-,Netherlands,5
2010,95,Gareth Barry,-,England,5
2010,95,Matthew Etherington,-,England,5
2010,95,Jordan Henderson,-,England,5
2010,95,Ivan Klasnic,-,Croatia,5
2010,95,Victor Moses,-,Nigeria,5
2009,1,Jermain Defoe,-,England,59
2009,2,Darren Bent,-,England,58
2009,3,Emmanuel Adebayor,-,Togo,46
2009,4,Christian Benitez,-,Ecuador,39
2009,4,Frédéric Piquionne,-,France,39
2009,6,Gabriel Agbonlahor,-,England,35
2009,6,Didier Drogba,-,Cote D’Ivoire,35
2009,6,Bobby Zamora,-,England,35
2009,9,Carlton Cole,-,England,33
2009,10,Ricardo Fuller,-,Jamaica,31
2009,11,Wayne Rooney,-,England,29
2009,12,Louis Saha,-,France,28
2009,13,Steven Fletcher,-,Scotland,27
2009,14,Nicolas Anelka,-,France,25
2009,15,Kevin Davies,-,England,24
2009,16,Dimitar Berbatov,-,Bulgaria,23
2009,17,Andrey Arshavin,-,Russia,22
2009,17,Craig Bellamy,-,Wales,22
2009,19,John Carew,-,Norway,21
2009,19,Nikola Kalinic,-,Croatia,21
2009,19,Fernando Torres,-,Spain,21
2009,22,Peter Crouch,-,England,19
2009,22,Franco Di Santo,-,Argentina,19
2009,22,Cameron Jerome,-,England,19
2009,22,Jason Roberts,-,Grenada,19
2009,26,Robin van Persie,-,Netherlands,18
2009,27,Tim Cahill,-,Australia,17
2009,27,Kevin Doyle,-,Ireland,17
2009,27,Hugo Rodallega,-,Colombia,17
2009,30,Tuncay Sanli,-,Turkey,16
2009,30,Carlos Tevez,-,Argentina,16
2009,32,David Nugent,-,England,15
2009,33,Jozy Altidore,-,United States,14
2009,33,Jô,-,Brazil,14
2009,33,Kamel Ghilas,-,Algeria,14
2009,33,Robbie Keane,-,Ireland,14
2009,33,Ivan Klasnic,-,Croatia,14
2009,33,Erik Nevland,-,Norway,14
2009,33,Jan Vennegoor of Hesselink,-,Netherlands,14
2009,40,Dirk Kuijt,-,Netherlands,13
2009,41,Fraizer Campbell,-,England,12
2009,41,David Dunn,-,England,12
2009,41,Guillermo Franco,-,Mexico,12
2009,41,Andy Keogh,-,Ireland,12
2009,41,Morten Pedersen,-,Norway,12
2009,46,Andrew Johnson,-,England,11
2009,47,Caleb Folan,-,Ireland,10
2009,47,Benni McCarthy,-,South Africa,10
2009,47,David N'Gog,-,France,10
2009,47,John Utaka,-,Nigeria,10
2009,51,Eduardo da Silva,-,Croatia,9
2009,51,Kevin-Prince Boateng,-,Ghana,9
2009,51,El Hadji Diouf,-,Senegal,9
2009,51,Sylvan Ebanks-Blake,-,England,9
2009,51,James McFadden,-,Scotland,9
2009,51,Garry O'Connor,-,Scotland,9
2009,51,Martin Olsson,-,Sweden,9
2009,51,Ashley Young,-,England,9
2009,59,Aruna Dindane,-,Cote D’Ivoire,8
2009,59,Zavon Hines,-,England,8
2009,59,Matthew Jarvis,-,England,8
2009,59,Florent Malouda,-,France,8
2009,59,Jason Scotland,-,Trinidad & Tobago,8
2009,64,James Beattie,-,England,7
2009,64,Nicklas Bendtner,-,Denmark,7
2009,64,Ashley Cole,-,England,7
2009,64,Robinho,-,Brazil,7
2009,64,Damien Duff,-,Ireland,7
2009,64,Matthew Etherington,-,England,7
2009,64,Marouane Fellaini,-,Belgium,7
2009,64,William Gallas,-,France,7
2009,64,Salomon Kalou,-,Cote D’Ivoire,7
2009,64,Kanu,-,Nigeria,7
2009,64,Charles N'Zogbia,-,France,7
2009,64,Martin Paterson,-,Northern Ireland,7
2009,64,Roque Santa Cruz,-,Paraguay,7
2009,64,Antonio Valencia,-,Ecuador,7
2009,64,Danny Webber,-,England,7
2009,79,David Elm,-,Sweden,6
2009,79,Patrice Evra,-,France,6
2009,79,Craig Fagan,-,England,6
2009,79,Ryan Giggs,-,Wales,6
2009,79,Chris Iwelumo,-,Scotland,6
2009,79,Dave Kitson,-,England,6
2009,79,Samir Nasri,-,France,6
2009,79,Roman Pavlyuchenko,-,Russia,6
2009,79,Liam Ridgewell,-,England,6
2009,79,Mamady Sidibe,-,Mali,6
2009,79,Shaun Wright-Phillips,-,England,6
2009,90,Victor Anichebe,-,Nigeria,5
2009,90,David Bentley,-,England,5
2009,90,Kieron Dyer,-,England,5
2009,90,Johan Elmander,-,Sweden,5
2009,90,Geovanni,-,Brazil,5
2009,90,Kenwyne Jones,-,Trinidad & Tobago,5
2009,90,Lee Chung-Yong,-,South Korea,5
2009,90,Michael Owen,-,England,5
2009,90,Kevin Phillips,-,England,5
2009,90,Junior Stanislas,-,England,5
2009,90,Theo Walcott,-,England,5
2008,1,Marlon King,-,Jamaica,68
2008,2,Djibril Cissé,-,France,61
2008,3,Emmanuel Adebayor,-,Togo,48
2008,4,Jermain Defoe,-,England,40
2008,5,Bobby Zamora,-,England,36
2008,6,Benni McCarthy,-,South Africa,33
2008,7,Nicolas Anelka,-,France,32
2008,8,Afonso Alves,-,Brazil,31
2008,9,Wayne Rooney,-,England,30
2008,10,Craig Bellamy,-,Wales,29
2008,11,Gabriel Agbonlahor,-,England,28
2008,11,Marc-Antoine Fortuné,-,France,28
2008,13,Darren Bent,-,England,27
2008,13,Tim Cahill,-,Australia,27
2008,13,Peter Crouch,-,England,27
2008,13,Dirk Kuijt,-,Netherlands,27
2008,17,Andrew Johnson,-,England,26
2008,18,Carlton Cole,-,England,25
2008,19,David Di Michele,-,Italy,24
2008,19,Jason Roberts,-,Grenada,24
2008,21,Roman Bednár,-,Czech Republic,22
2008,21,John Carew,-,Norway,22
2008,21,Emile Heskey,-,England,22
2008,21,Mido,-,Egypt,22
2008,25,Daniel Cousin,-,Gabon,21
2008,25,Cristiano Ronaldo,-,Portugal,21
2008,25,Johan Elmander,-,Sweden,21
2008,28,Dimitar Berbatov,-,Bulgaria,20
2008,28,Robinho,-,Brazil,20
2008,30,Jô,-,Brazil,19
2008,30,Didier Drogba,-,Cote D’Ivoire,19
2008,30,Roman Pavlyuchenko,-,Russia,19
2008,30,Fernando Torres,-,Spain,19
2008,34,Shola Ameobi,-,Nigeria,18
2008,34,Kevin Davies,-,England,18
2008,34,Ricardo Fuller,-,Jamaica,18
2008,34,Tuncay Sanli,-,Turkey,18
2008,34,Amr Zaki,-,Egypt,18
2008,39,Geovanni,-,Brazil,17
2008,40,Robbie Keane,-,Ireland,16
2008,40,Ishmael Miller,-,England,16
2008,42,Yakubu,-,Nigeria,15
2008,42,Craig Fagan,-,England,15
2008,42,Marouane Fellaini,-,Belgium,15
2008,42,Bernard Mendy,-,France,15
2008,42,Diego Tristán,-,Spain,15
2008,47,Salomon Kalou,-,Cote D’Ivoire,14
2008,47,Obafemi Martins,-,Nigeria,14
2008,47,Roque Santa Cruz,-,Paraguay,14
2008,50,El Hadji Diouf,-,Senegal,13
2008,50,Florent Malouda,-,France,13
2008,50,Carlos Tevez,-,Argentina,13
2008,53,Jérémie Aliadière,-,France,12
2008,53,Antonio Valencia,-,Ecuador,12
2008,53,Robin van Persie,-,Netherlands,12
2008,53,Ashley Young,-,England,12
2008,57,Gareth Barry,-,England,11
2008,57,Morten Pedersen,-,Norway,11
2008,59,Henri Camara,-,Senegal,10
2008,59,Olivier Kapo,-,France,10
2008,59,Frank Lampard,-,England,10
2008,59,Benjani,-,Zimbabwe,10
2008,59,Kevin Nolan,-,England,10
2008,59,Michael Owen,-,England,10
2008,59,Kieran Richardson,-,England,10
2008,59,Christopher Samba,-,Congo,10
2008,67,Yossi Benayoun,-,Israel,9
2008,67,Manucho,-,Angola,9
2008,67,Richard Cresswell,-,England,9
2008,67,Matt Derbyshire,-,England,9
2008,67,Stewart Downing,-,England,9
2008,67,Stephen Ireland,-,Ireland,9
2008,67,Kenwyne Jones,-,Trinidad & Tobago,9
2008,67,Luke Moore,-,England,9
2008,67,Matthew Taylor,-,England,9
2008,76,James Beattie,-,England,8
2008,76,Joe Cole,-,England,8
2008,76,David Nugent,-,England,8
2008,76,Hugo Rodallega,-,Colombia,8
2008,76,Shaun Wright-Phillips,-,England,8
2008,81,Nicklas Bendtner,-,Denmark,7
2008,81,Marvin Emnes,-,Netherlands,7
2008,81,Caleb Folan,-,Ireland,7
2008,81,Herita Ilunga,-,DR Congo,7
2008,81,Erik Nevland,-,Norway,7
2008,81,Mark Noble,-,England,7
2008,81,Albert Riera,-,Spain,7
2008,88,Dean Ashton,-,England,6
2008,88,Felipe Caicedo,-,Ecuador,6
2008,88,James Morrison,-,Scotland,6
2008,88,Mark Viduka,-,Australia,6
2008,88,Theo Walcott,-,England,6
2008,93,José Bosingwa,-,Portugal,5
2008,93,Clint Dempsey,-,United States,5
2008,93,Damien Duff,-,Ireland,5
2008,93,Matthew Etherington,-,England,5
2008,93,Patrice Evra,-,France,5
2008,93,Steven Gerrard,-,England,5
2008,93,Danny Higginbotham,-,Gibraltar,5
2008,93,Aaron Lennon,-,England,5
2007,1,Emmanuel Adebayor,-,Togo,66
2007,2,Marcus Bent,-,England,54
2007,3,Benjani,-,Zimbabwe,51
2007,4,Nicolas Anelka,-,France,50
2007,5,Dimitar Berbatov,-,Bulgaria,45
2007,6,Gabriel Agbonlahor,-,England,39
2007,7,Kenny Miller,-,Scotland,37
2007,8,Dean Ashton,-,England,36
2007,9,Emile Heskey,-,England,35
2007,10,Jérémie Aliadière,-,France,33
2007,10,John Carew,-,Norway,33
2007,12,Robbie Keane,-,Ireland,30
2007,12,Carlos Tevez,-,Argentina,30
2007,14,Salomon Kalou,-,Cote D’Ivoire,28
2007,14,Benni McCarthy,-,South Africa,28
2007,16,Fernando Torres,-,Spain,27
2007,17,El Hadji Diouf,-,Senegal,25
2007,18,Jermain Defoe,-,England,24
2007,18,Wayne Rooney,-,England,24
2007,20,Didier Drogba,-,Cote D’Ivoire,23
2007,20,Michael Owen,-,England,23
2007,20,Tuncay Sanli,-,Turkey,23
2007,23,Yakubu,-,Nigeria,22
2007,23,Clint Dempsey,-,United States,22
2007,25,Diomansy Kamara,-,Senegal,20
2007,26,Rolando Bianchi,-,Italy,19
2007,26,Michael Chopra,-,England,19
2007,26,Andrew Johnson,-,England,19
2007,26,Kanu,-,Nigeria,19
2007,26,Dirk Kuijt,-,Netherlands,19
2007,26,Jason Roberts,-,Grenada,19
2007,26,Antoine Sibierski,-,France,19
2007,33,Joe Cole,-,England,18
2007,33,Kevin Davies,-,England,18
2007,33,Kevin Doyle,-,Ireland,18
2007,33,Mark Viduka,-,Australia,18
2007,37,Robert Earnshaw,-,Wales,17
2007,37,Steve Howard,-,Scotland,17
2007,39,Carlton Cole,-,England,16
2007,39,David Healy,-,Northern Ireland,16
2007,39,Cameron Jerome,-,England,16
2007,39,Darius Vassell,-,England,16
2007,43,Afonso Alves,-,Brazil,14
2007,43,Stewart Downing,-,England,14
2007,43,Obafemi Martins,-,Nigeria,14
2007,43,Bobby Zamora,-,England,14
2007,47,Craig Bellamy,-,Wales,13
2007,47,James McFadden,-,Scotland,13
2007,47,Mido,-,Egypt,13
2007,47,Morten Pedersen,-,Norway,13
2007,47,Roque Santa Cruz,-,Paraguay,13
2007,52,Darren Bent,-,England,12
2007,53,Cristiano Ronaldo,-,Portugal,11
2007,53,Olivier Kapo,-,France,11
2007,53,Lee Dong-Gook,-,South Korea,11
2007,53,James Milner,-,England,11
2007,53,Kevin Nolan,-,England,11
2007,58,Ryan Giggs,-,Wales,10
2007,58,Dave Kitson,-,England,10
2007,58,Leroy Lita,-,England,10
2007,58,Luke Moore,-,England,10
2007,58,Emile Mpenza,-,Belgium,10
2007,58,Martin Petrov,-,Bulgaria,10
2007,58,Alan Smith,-,England,10
2007,58,Robin van Persie,-,Netherlands,10
2007,58,Andrey Voronin,-,Ukraine,10
2007,67,Nicklas Bendtner,-,Denmark,9
2007,67,Tim Cahill,-,Australia,9
2007,67,Mikael Forssell,-,Finland,9
2007,67,Daryl Murphy,-,Ireland,9
2007,67,Gary O'Neil,-,England,9
2007,72,David Bentley,-,England,8
2007,72,Hameur Bouazza,-,Algeria,8
2007,72,Heidar Helguson,-,Iceland,8
2007,72,Stephen Ireland,-,Ireland,8
2007,72,Kenwyne Jones,-,Trinidad & Tobago,8
2007,72,Marlon King,-,Jamaica,8
2007,72,Aaron Lennon,-,England,8
2007,72,Florent Malouda,-,France,8
2007,72,Emanuel Villa,-,Argentina,8
2007,72,Ashley Young,-,England,8
2007,82,Victor Anichebe,-,Nigeria,7
2007,82,Henri Camara,-,Senegal,7
2007,82,Simon Davies,-,Wales,7
2007,82,Matt Derbyshire,-,England,7
2007,82,Patrice Evra,-,France,7
2007,82,Freddie Ljungberg,-,Sweden,7
2007,82,Gary McSheffrey,-,England,7
2007,82,Garry O'Connor,-,Scotland,7
2007,82,Louis Saha,-,France,7
2007,82,Andriy Shevchenko,-,Ukraine,7
2007,82,Anthony Stokes,-,Ireland,7
2007,82,John Utaka,-,Nigeria,7
2007,82,Mauro Zárate,-,Argentina,7
2007,95,Julius Aghahowa,-,Nigeria,6
2007,95,Ryan Babel,-,Netherlands,6
2007,95,Peter Crouch,-,England,6
2007,95,Shane Long,-,Ireland,6
2007,95,Shaun Maloney,-,Scotland,6
2007,95,Shaun Wright-Phillips,-,England,6
2006,1,Benni McCarthy,-,South Africa,64
2006,2,Craig Bellamy,-,Wales,54
2006,2,Dimitar Berbatov,-,Bulgaria,54
2006,4,Darren Bent,-,England,53
2006,5,Didier Drogba,-,Cote D’Ivoire,43
2006,6,Salomon Kalou,-,Cote D’Ivoire,41
2006,7,Benjani,-,Zimbabwe,40
2006,8,Jermain Defoe,-,England,39
2006,8,Darius Vassell,-,England,39
2006,10,Yakubu,-,Nigeria,37
2006,10,Bernardo Corradi,-,Italy,37
2006,12,Emmanuel Adebayor,-,Togo,36
2006,13,Nicolas Anelka,-,France,34
2006,14,John Carew,-,Norway,31
2006,14,Leroy Lita,-,England,31
2006,14,Obafemi Martins,-,Nigeria,31
2006,17,Emile Heskey,-,England,29
2006,18,Kanu,-,Nigeria,28
2006,19,Andrew Johnson,-,England,27
2006,20,Henri Camara,-,Senegal,26
2006,20,Marlon King,-,Jamaica,26
2006,22,El Hadji Diouf,-,Senegal,25
2006,22,Lomana Lua Lua,-,DR Congo,25
2006,22,Shabani Nonda,-,DR Congo,25
2006,25,Thierry Henry,-,France,24
2006,25,Ashley Young,-,England,24
2006,27,Collins John,-,Netherlands,23
2006,27,Dirk Kuijt,-,Netherlands,23
2006,27,Tamás Priskin,-,Hungary,23
2006,30,Kevin Doyle,-,Ireland,22
2006,30,Marlon Harewood,-,England,22
2006,30,Bobby Zamora,-,England,22
2006,33,Gabriel Agbonlahor,-,England,21
2006,33,Juan Pablo Ángel,-,Colombia,21
2006,33,Heidar Helguson,-,Iceland,21
2006,36,Robbie Keane,-,Ireland,20
2006,36,Jon Stead,-,England,20
2006,38,Mark Viduka,-,Australia,18
2006,39,Andrew Cole,-,England,17
2006,40,Robert Hulse,-,England,16
2006,40,Luke Moore,-,England,16
2006,40,Christian Nade,-,France,16
2006,40,Louis Saha,-,France,16
2006,40,Andriy Shevchenko,-,Ukraine,16
2006,45,Damien Duff,-,Ireland,15
2006,45,Darius Henderson,-,England,15
2006,45,Wayne Rooney,-,England,15
2006,45,Carlos Tevez,-,Argentina,15
2006,45,Robin van Persie,-,Netherlands,15
2006,50,Morten Pedersen,-,Norway,14
2006,50,Georgios Samaras,-,Greece,14
2006,52,Hameur Bouazza,-,Algeria,13
2006,52,Cristiano Ronaldo,-,Portugal,13
2006,52,Kieron Dyer,-,England,13
2006,52,Brian McBride,-,United States,13
2006,52,Emile Mpenza,-,Belgium,13
2006,57,Milan Baros,-,Czech Republic,12
2006,57,James Beattie,-,England,12
2006,57,Paul Dickov,-,Scotland,12
2006,60,Colin Kazim-Richards,-,Turkey,11
2006,60,Mido,-,Egypt,11
2006,60,Arjen Robben,-,Netherlands,11
2006,63,Shola Ameobi,-,Nigeria,10
2006,63,Gareth Barry,-,England,10
2006,63,Matt Derbyshire,-,England,10
2006,63,Stewart Downing,-,England,10
2006,63,Jason Roberts,-,Grenada,10
2006,68,David Bentley,-,England,9
2006,68,James McFadden,-,Scotland,9
2006,68,Vincenzo Montella,-,Italy,9
2006,68,Antoine Sibierski,-,France,9
2006,68,Tommy Smith,-,England,9
2006,73,Jimmy Floyd Hasselbaink,-,Netherlands,8
2006,73,Steve Kabba,-,England,8
2006,73,Kevin Nolan,-,England,8
2006,73,Dennis Rommedahl,-,Denmark,8
2006,73,Seol Ki-Hyeon,-,South Korea,8
2006,73,Ole Gunnar Solskjaer,-,Norway,8
2006,73,Danny Webber,-,England,8
2006,80,Robbie Fowler,-,England,7
2006,80,Stephen Hunt,-,Ireland,7
2006,80,Julio Baptista,-,Brazil,7
2006,80,Tomasz Radzinski,-,Canada,7
2006,80,Micah Richards,-,England,7
2006,80,Teddy Sheringham,-,England,7
2006,80,Svetoslav Todorov,-,Bulgaria,7
2006,87,Darren Ambrose,-,England,6
2006,87,Marcus Bent,-,England,6
2006,87,Peter Crouch,-,England,6
2006,87,Kevin Davies,-,England,6
2006,87,Hossam Ghaly,-,Egypt,6
2006,87,Matthew Etherington,-,England,6
2006,87,Caleb Folan,-,Ireland,6
2006,87,Luis Garcia,-,Spain,6
2006,87,Craig Gardner,-,England,6
2006,87,Aaron Lennon,-,England,6
2006,87,Freddie Ljungberg,-,Sweden,6
2006,87,Gary O'Neil,-,England,6
2006,87,Alan Smith,-,England,6
2006,87,Ricardo Vaz Tê,-,Portugal,6
